USE HalloPharmacy5BE01
GO

INSERT INTO MsCustomer VALUES
('CU001','James','081000001','Jalan Anggrek No.10','james@hallo.com','5f4dcc3b5aa765d61d8327deb882cf99','2002-01-01','Male'),
('CU002','Rio','081000002','Jalan Mawar No.20','rio@hallo.com','e10adc3949ba59abbe56e057f20f883e','2002-02-02','Male'),
('CU003','Vany','081000003','Jalan Melati No.30','vany@hallo.com','25d55ad283aa400af464c76d713c07ad','2002-03-03','Female'),
('CU004','Alex','081000004','Jalan Flamboyan No.40','alex@hallo.com','81dc9bdb52d04dc20036dbd8313ed055','2002-04-04','Male'),
('CU005','Anna','081000005','Jalan Kamboja No.50','anna@hallo.com','d8578edf8458ce06fbc5bb76a58c5ca4','2002-05-05','Female'),
('CU006','Leo','081000006','Jalan Teratai No.60','leo@hallo.com','827ccb0eea8a706c4c34a16891f84e7b','2002-06-06','Male'),
('CU007','Daniel','081000007','Jalan Tulip No.70','daniel@hallo.com','8621ffdbc5698829397d97767ac13db3','2002-07-07','Male'),
('CU008','Nath','081000008','Jalan Sakura No.80','nath@hallo.com','276f8db0b86edaa7fc805516c852c889','2002-08-08','Female'),
('CU009','Kenny','081000009','Jalan Matahari No.90','kenny@hallo.com','37b4e2d82900d5e94b8da524fbeb33c0','2002-09-09','Male'),
('CU010','Kalvin','081000010','Jalan Sepatu No.100','kalvin@hallo.com','0d107d09f5bbe40cade3de5c71e9e9b7','2002-10-10','Male'),
('CU011','Jennie','081000011','Jalan Cempaka No.110','jennie@hallo.com','d0763edaa9d9bd2a9516280e9044d885','2002-11-11','Female'),
('CU012','Vincent','081000012','Jalan Lavender No.120','vincent@hallo.com','7d0710824ff191f6a0086a7e3891641e','2002-12-12','Male'),
('CU013','Jess','081000013','Jalan Terompet No.130','jess@hallo.com','e99a18c428cb38d5f260853678922e03','2003-01-01','Female'),
('CU014','Alvin','081000014','Jalan Nusa Indah No.140','alvin@hallo.com','bee783ee2974595487357e195ef38ca2','2003-02-02','Male'),
('CU015','Jason','081000015','Jalan Bakung No.150','jason@hallo.com','	0acf4539a14b3aa27deeb4cbdf6e989f','2003-03-03','Male')

INSERT INTO MsEmployee VALUES
('EM001','Irvin Wijaya','082000001','Jalan Jeruk No.10','irvinwijaya@hallo.com','2000-01-01','Male',5000000),
('EM002','Beatricia','082000002','Jalan Apel No.20','beatricia@hallo.com','2000-02-02','Female',6000000),
('EM003','Kevin','082000003','Jalan Melon No.30','kevin@hallo.com','2000-03-03','Male',7000000),
('EM004','Russel Alfredo','082000004','Jalan Anggur No.40','russelalfredo@hallo.com','2000-04-04','Male',8000000),
('EM005','Melvin Orlando Susanto','082000005','Jalan Pepaya No.50','melvinorlandosusanto@hallo.com','2000-05-05','Male',9000000),
('EM006','Fikri','082000006','Jalan Stroberi No.60','fikri@hallo.com','2000-06-06','Male',1000000),
('EM007','Alicia','082000007','Jalan Semangka No.70','alicia@hallo.com','2000-07-07','Female',2000000),
('EM008','Andrea','082000008','Jalan Rambutan No.80','andrea@hallo.com','2000-08-08','Female',3000000),
('EM009','Monica Angel','082000009','Jalan Pir No.90','monicaangel@hallo.com','2000-09-09','Female',4000000),
('EM010','Olivia Emma Addison','082000010','Jalan Leci No.100','oliviaemmaaddison@hallo.com','2000-10-10','Female',5000000),
('EM011','Rico','082000011','Jalan Anggur No.110','rico@hallo.com','2000-11-11','Male',5000000),
('EM012','Jacob Stanley','082000012','Jalan Lemon No.120','jacobstanley@hallo.com','2000-12-12','Male',5000000),
('EM013','Nathanael Kevin Saputra','082000013','Jalan Jeruk Nipis No.130','nathanaelkevinsaputra@hallo.com','2001-01-01','Male',10000000),
('EM014','Bella Shelby','082000014','Jalan Alpukat No.140','bella@hallo.com','2001-02-02','Female',5000000),
('EM015','Albert','082000015','Jalan Kelengkeng No.150','albert@hallo.com','2001-03-03','Male',5000000)

INSERT INTO MsVendor VALUES
('VN001','Healthy Corporation','083000001','Jalan Buncis No.10','healthycorporation@gmail.com',1990),
('VN002','Med Corporation','083000002','Jalan Nangka No.20','medcorporation@gmail.com',1995),
('VN003','Positive Corporation','083000003','Jalan Kol No.30','positivecorporation@gmail.com',2000),
('VN004','Green Corporation','083000004','Jalan Selada No.40','greencorporation@gmail.com',2001),
('VN005','Future Corporation','083000005','Jalan Seledri No.50','futurecorporation@gmail.com',2002),
('VN006','Aid Corporation','083000006','Jalan Wortel No.60','aidcorporation@gmail.com',2003),
('VN007','Pharmacine Corporation','083000007','Jalan Kangkung No.70','pharmacinecorporation@gmail.com',2004),
('VN008','XYZ Corporation','083000008','Jalan Brokoli No.80','xyzcorporation@gmail.com',2005),
('VN009','ABC Corporation','083000009','Jalan Tauge No.90','abccorporation@gmail.com',2006),
('VN010','NYX Corporation','083000010','Jalan Pare No.100','nyxcorporation@gmail.com',2007),
('VN011','Care Corporation','083000011','Jalan Bayam No.110','carecorporation@gmail.com',2008),
('VN012','Social Corporation','083000012','Jalan Sawi No.120','socialcorporation@gmail.com',2009),
('VN013','Hospital Corporation','083000013','Jalan Timun No.130','hospitalcorporation@gmail.com',2010),
('VN014','Genuine Corporation','083000014','Jalan Terong No.140','genuinecorporation@gmail.com',2011),
('VN015','Final Corporation','083000015','Jalan Tomat No.150','finalcorporation@gmail.com',2012)

INSERT INTO MsMedicineCategory VALUES
('CT001','Morphine'),
('CT002','Paracetamol'),
('CT003','Isoflurane'),
('CT004','Epinephrine'),
('CT005','Dexamethasone'),
('CT006','Prednisolone'),
('CT007','Acetylcysteine'),
('CT008','Penicillamine'),
('CT009','Phenytoin'),
('CT010','Amoxicillin'),
('CT011','Ampicillin'),
('CT012','Cefixime'),
('CT013','Cloxacillin'),
('CT014','Nitrofurantoin'),
('CT015','Streptomycin')
	
INSERT INTO MsMedicine VALUES
('MD001','Morphgesic',50000,'Prescription Medicine',100,'CT001'),
('MD002','Panadol',20000,'Free Medicine',1000,'CT002'),
('MD003','Forane',30000,'Free Medicine',500,'CT003'),
('MD004','EpiPen',90000,'Prescription Medicine',50,'CT004'),
('MD005','Dexonal',20000,'Free Medicine',800,'CT005'),
('MD006','Pediapred',15000,'Free Medicine',700,'CT006'),
('MD007','Mucomyst',40000,'Prescription Medicine',50,'CT007'),
('MD008','Penicitin',40000,'Prescription Medicine',40,'CT008'),
('MD009','Dilantin',60000,'Free Medicine',250,'CT009'),
('MD010','Amoxil',70000,'Prescription Medicine',70,'CT010'),
('MD011','Principen',80000,'Prescription Medicine',220,'CT011'),
('MD012','Caricef',70000,'Free Medicine',1500,'CT012'),
('MD013','Cloxistar',25000,'Free Medicine',700,'CT013'),
('MD014','Macrobid',10000,'Free Medicine',2000,'CT014'),
('MD015','Strepwell',95000,'Prescription Medicine',20,'CT015')

INSERT INTO TrSalesHeader VALUES
('SL001','EM001','CU001','2020-01-05'),
('SL002','EM002','CU002','2020-01-10'),
('SL003','EM003','CU003','2020-01-20'),
('SL004','EM004','CU004','2020-01-25'),
('SL005','EM005','CU005','2020-02-02'),
('SL006','EM006','CU006','2020-02-11'),
('SL007','EM007','CU007','2020-02-15'),
('SL008','EM008','CU008','2020-02-17'),
('SL009','EM009','CU009','2020-02-23'),
('SL010','EM010','CU010','2020-02-28'),
('SL011','EM011','CU011','2021-07-15'),
('SL012','EM012','CU012','2021-08-02'),
('SL013','EM013','CU013','2021-09-30'),
('SL014','EM014','CU014','2021-10-06'),
('SL015','EM014','CU015','2021-12-29')

INSERT INTO TrPurchaseHeader VALUES
('PC001','EM001','VN001','2019-01-01'),
('PC002','EM002','VN002','2019-02-02'),
('PC003','EM003','VN003','2019-03-03'),
('PC004','EM004','VN004','2019-04-04'),
('PC005','EM005','VN005','2019-05-05'),
('PC006','EM006','VN006','2019-06-06'),
('PC007','EM007','VN007','2019-07-07'),
('PC008','EM008','VN008','2019-08-08'),
('PC009','EM009','VN009','2019-09-09'),
('PC010','EM010','VN010','2019-10-10'),
('PC011','EM011','VN011','2019-11-11'),
('PC012','EM012','VN012','2019-12-12'),
('PC013','EM013','VN013','2020-01-01'),
('PC014','EM014','VN014','2020-01-02'),
('PC015','EM015','VN015','2020-01-03')

INSERT INTO TrSalesDetail VALUES 
('SL001','MD001',5),
('SL001','MD009',10),
('SL002','MD002',10),
('SL002','MD003',1),
('SL003','MD003',20),
('SL003','MD005',40),
('SL003','MD006',50),
('SL004','MD004',1),
('SL004','MD012',100),
('SL004','MD014',100),
('SL005','MD005',30),
('SL006','MD006',35),
('SL007','MD007',2),
('SL008','MD008',3),
('SL009','MD009',60),
('SL010','MD010',3),
('SL011','MD011',22),
('SL012','MD012',105),
('SL012','MD010',10),
('SL013','MD013',7),
('SL013','MD002',10),
('SL014','MD014',210),
('SL014','MD012',110),
('SL015','MD015',1),
('SL015','MD004',1)

INSERT INTO TrPurchaseDetail VALUES 
('PC001','MD001',50),
('PC001','MD002',100),
('PC002','MD003',100),
('PC002','MD004',10),
('PC003','MD001',50),
('PC003','MD002',900),
('PC003','MD003',400),
('PC004','MD004',40),
('PC005','MD005',400),
('PC005','MD006',350),
('PC006','MD005',400),
('PC006','MD006',350),
('PC007','MD007',50),
('PC008','MD008',40),
('PC009','MD009',250),
('PC009','MD010',20),
('PC010','MD010',50),
('PC011','MD011',220),
('PC012','MD012',1000),
('PC012','MD014',1000),
('PC013','MD013',700),
('PC014','MD012',500),
('PC014','MD014',1000),
('PC014','MD015',10),
('PC015','MD015',10)